Model,rmse,mae,r2,mape,mean_true,mean_pred,std_true,std_pred,ensemble_weight
GAM,0.50607420206902,0.2519758931471125,0.7840718548015029,242.25474874587465,-0.00031084994317499007,-0.01592577799532932,1.0890794714641638,0.8925120277229909,0.15633777719907438
FAM,0.9518036261197507,0.3935020247802806,0.23620718930487705,212.2412356624772,-0.00031084994317499007,0.011697602002709171,1.0890794714641638,0.37767098082339395,0.0
GBAM,0.619370910036948,0.2840174974559673,0.6765683888285945,229.37802347247347,-0.00031084994317499007,-0.00843039904481456,1.0890794714641638,0.8185965027757256,0.19560740450782052
TabNAM,0.5416485719560298,0.2438721389667634,0.752647638414154,190.78440483996,-0.00031084994317499007,-0.027125248288413617,1.0890794714641638,0.94591855151755,0.6480548182931052
ENSEMBLE,0.5240375628773601,0.24330870819956682,0.7684708418784271,188.52280341669945,-0.00031084994317499007,-0.021717497058780358,1.0890794714641638,0.8971808195105072,
UNIFORM_ENSEMBLE,0.5807840730793106,0.26956075411803126,0.7156126643596805,188.93300568407943,-0.00031084994317499007,-0.009945955831462086,1.0890794714641638,0.7097662774625912,
