,rmse,mae,r2,weight
GAM,0.643582,0.494486,0.204311,0.19465536780688056
FAM,0.650153,0.49989,0.187981,1.711048852944524e-16
GBAM,0.643488,0.489899,0.204543,1.8663482751524484e-17
TabNAM,0.63925,0.486688,0.214987,0.8053446321931192
ENSEMBLE,0.63898,0.487395,0.215649,
UNIFORM_ENSEMBLE,0.641455,0.490854,0.209562,
